{"cameraMode":{"drawMode":0,"name":"Shaded","section":"Shading Mode"},"sceneLighting":false,"audioPlay":false,"sceneViewState":{"m_AlwaysRefresh":false,"showFog":true,"showSkybox":false,"showFlares":true,"showImageEffects":true,"showParticleSystems":true,"showVisualEffectGraphs":true,"m_FxEnabled":false},"in2DMode":false,"pivot":{"x":0.3379361033439636,"y":0.49573057889938357,"z":-1.1545356512069703},"rotation":{"x":0.2843427062034607,"y":-0.21155990660190583,"z":0.06431003659963608,"w":0.9329159259796143},"size":0.6110199093818665,"orthographic":false}