{"cameraMode":{"drawMode":0,"name":"Shaded","section":"Shading Mode"},"sceneLighting":false,"audioPlay":false,"sceneViewState":{"m_AlwaysRefresh":false,"showFog":true,"showSkybox":false,"showFlares":true,"showImageEffects":true,"showParticleSystems":true,"showVisualEffectGraphs":true,"m_FxEnabled":false},"in2DMode":false,"pivot":{"x":0.5739657878875732,"y":0.44101694226264956,"z":-3.9696571826934816},"rotation":{"x":0.1292816549539566,"y":-0.13292516767978669,"z":0.017350446432828904,"w":0.9825413823127747},"size":-0.04168325662612915,"orthographic":false}