{"cameraMode":{"drawMode":0,"name":"Shaded","section":"Shading Mode"},"sceneLighting":false,"audioPlay":false,"sceneViewState":{"m_AlwaysRefresh":false,"showFog":true,"showSkybox":false,"showFlares":true,"showImageEffects":true,"showParticleSystems":true,"showVisualEffectGraphs":true,"m_FxEnabled":false},"in2DMode":false,"pivot":{"x":0.46474719047546389,"y":0.20711976289749146,"z":-0.6715517640113831},"rotation":{"x":0.032621823251247409,"y":0.9278635382652283,"z":-0.36202457547187807,"w":0.0837552398443222},"size":0.7141428589820862,"orthographic":false}