{"cameraMode":{"drawMode":0,"name":"Shaded","section":"Shading Mode"},"sceneLighting":false,"audioPlay":false,"sceneViewState":{"m_AlwaysRefresh":false,"showFog":true,"showSkybox":false,"showFlares":true,"showImageEffects":true,"showParticleSystems":true,"showVisualEffectGraphs":true,"m_FxEnabled":false},"in2DMode":false,"pivot":{"x":0.00024120137095451355,"y":0.09607294201850891,"z":-2.000493049621582},"rotation":{"x":-0.20930208265781403,"y":-0.5480543971061707,"z":0.14390674233436585,"w":-0.7969607710838318},"size":0.38113465905189516,"orthographic":false}