{"cameraMode":{"drawMode":0,"name":"Shaded","section":"Shading Mode"},"sceneLighting":true,"audioPlay":false,"sceneViewState":{"m_AlwaysRefresh":false,"showFog":true,"showSkybox":false,"showFlares":true,"showImageEffects":true,"showParticleSystems":true,"showVisualEffectGraphs":true,"m_FxEnabled":false},"in2DMode":false,"pivot":{"x":426.6155700683594,"y":209.2615509033203,"z":-35.00341796875},"rotation":{"x":0.016803056001663209,"y":-0.026996539905667306,"z":0.00045516458339989185,"w":0.9994953274726868},"size":253.83511352539063,"orthographic":false}