{"cameraMode":{"drawMode":0,"name":"Shaded","section":"Shading Mode"},"sceneLighting":false,"audioPlay":false,"sceneViewState":{"m_AlwaysRefresh":false,"showFog":true,"showSkybox":false,"showFlares":true,"showImageEffects":true,"showParticleSystems":true,"showVisualEffectGraphs":true,"m_FxEnabled":false},"in2DMode":false,"pivot":{"x":-4.553157329559326,"y":1.2479616403579713,"z":11.297262191772461},"rotation":{"x":0.0868973582983017,"y":-0.8959282040596008,"z":0.20105093717575074,"w":0.38653823733329775},"size":0.8660253882408142,"orthographic":false}