{"cameraMode":{"drawMode":0,"name":"Shaded","section":"Shading Mode"},"sceneLighting":false,"audioPlay":false,"sceneViewState":{"m_AlwaysRefresh":false,"showFog":true,"showSkybox":false,"showFlares":true,"showImageEffects":true,"showParticleSystems":true,"showVisualEffectGraphs":true,"m_FxEnabled":false},"in2DMode":false,"pivot":{"x":3.8546524047851564,"y":13.865066528320313,"z":0.21406546235084535},"rotation":{"x":0.1734885275363922,"y":0.6927621960639954,"z":-0.17748476564884187,"w":0.6771304607391357},"size":9.486488342285157,"orthographic":false}