{"cameraMode":{"drawMode":0,"name":"Shaded","section":"Shading Mode"},"sceneLighting":false,"audioPlay":false,"sceneViewState":{"m_AlwaysRefresh":false,"showFog":true,"showSkybox":false,"showFlares":true,"showImageEffects":true,"showParticleSystems":true,"showVisualEffectGraphs":true,"m_FxEnabled":false},"in2DMode":false,"pivot":{"x":0.006944060325622559,"y":0.45701783895492556,"z":-0.0762401819229126},"rotation":{"x":-0.23902903497219087,"y":-0.6363480687141419,"z":0.21711885929107667,"w":-0.7005616426467896},"size":1.7936978340148926,"orthographic":false}