{"cameraMode":{"drawMode":0,"name":"Shaded","section":"Shading Mode"},"sceneLighting":false,"audioPlay":false,"sceneViewState":{"m_AlwaysRefresh":false,"showFog":true,"showSkybox":false,"showFlares":true,"showImageEffects":true,"showParticleSystems":true,"showVisualEffectGraphs":true,"m_FxEnabled":false},"in2DMode":false,"pivot":{"x":-0.008129477500915528,"y":0.43392127752304079,"z":-1.0430488586425782},"rotation":{"x":0.252428263425827,"y":0.6626260876655579,"z":-0.25412997603416445,"w":0.6578198075294495},"size":1.3909938335418702,"orthographic":false}