{"cameraMode":{"drawMode":0,"name":"Shaded","section":"Shading Mode"},"sceneLighting":true,"audioPlay":false,"sceneViewState":{"m_AlwaysRefresh":false,"showFog":true,"showSkybox":false,"showFlares":true,"showImageEffects":true,"showParticleSystems":true,"showVisualEffectGraphs":true,"m_FxEnabled":false},"in2DMode":false,"pivot":{"x":2.8887741565704347,"y":2.398137331008911,"z":0.023952487856149675},"rotation":{"x":0.5981249213218689,"y":-0.044420093297958377,"z":0.03323255106806755,"w":0.7994847893714905},"size":3.7141425609588625,"orthographic":false}