{"cameraMode":{"drawMode":0,"name":"Shaded","section":"Shading Mode"},"sceneLighting":true,"audioPlay":false,"sceneViewState":{"m_AlwaysRefresh":false,"showFog":true,"showSkybox":false,"showFlares":true,"showImageEffects":true,"showParticleSystems":true,"showVisualEffectGraphs":true,"m_FxEnabled":false},"in2DMode":false,"pivot":{"x":8.362115859985352,"y":-6.191647529602051,"z":10.262645721435547},"rotation":{"x":0.40529167652130129,"y":0.0068517723120749,"z":-0.0030384939163923265,"w":0.9141595959663391},"size":7.072405815124512,"orthographic":false}