{"cameraMode":{"drawMode":0,"name":"Shaded","section":"Shading Mode"},"sceneLighting":true,"audioPlay":false,"sceneViewState":{"m_AlwaysRefresh":false,"showFog":true,"showSkybox":false,"showFlares":true,"showImageEffects":true,"showParticleSystems":true,"showVisualEffectGraphs":true,"m_FxEnabled":false},"in2DMode":false,"pivot":{"x":3.4003522396087648,"y":0.08529485762119293,"z":4.518052577972412},"rotation":{"x":-0.4007013440132141,"y":-0.0033428550232201816,"z":0.0004454358422663063,"w":-0.9164601564407349},"size":7.072619438171387,"orthographic":false}