{"cameraMode":{"drawMode":0,"name":"Shaded","section":"Shading Mode"},"sceneLighting":true,"audioPlay":false,"sceneViewState":{"m_AlwaysRefresh":false,"showFog":true,"showSkybox":false,"showFlares":true,"showImageEffects":true,"showParticleSystems":true,"showVisualEffectGraphs":true,"m_FxEnabled":false},"in2DMode":false,"pivot":{"x":0.8986344337463379,"y":-24.274024963378908,"z":24.880313873291017},"rotation":{"x":-0.3943113088607788,"y":0.0008356833714060485,"z":-0.00036918531986884773,"w":-0.9190011620521545},"size":31.188777923583986,"orthographic":false}