{"cameraMode":{"drawMode":0,"name":"Shaded","section":"Shading Mode"},"sceneLighting":true,"audioPlay":false,"sceneViewState":{"m_AlwaysRefresh":false,"showFog":true,"showSkybox":false,"showFlares":true,"showImageEffects":true,"showParticleSystems":true,"showVisualEffectGraphs":true,"m_FxEnabled":false},"in2DMode":false,"pivot":{"x":15.262518882751465,"y":-4.765242576599121,"z":1.1654822826385499},"rotation":{"x":0.08381248265504837,"y":0.6739171743392944,"z":-0.07736651599407196,"w":0.7299627661705017},"size":11.734106063842774,"orthographic":false}