{"cameraMode":{"drawMode":0,"name":"Shaded","section":"Shading Mode"},"sceneLighting":true,"audioPlay":false,"sceneViewState":{"m_AlwaysRefresh":false,"showFog":true,"showSkybox":false,"showFlares":true,"showImageEffects":true,"showParticleSystems":true,"showVisualEffectGraphs":true,"m_FxEnabled":false},"in2DMode":false,"pivot":{"x":-0.4032192826271057,"y":0.09222614765167237,"z":1.3472557067871094},"rotation":{"x":-0.35857588052749636,"y":0.04527519270777702,"z":-0.017657581716775895,"w":-0.93229740858078},"size":1.9722201824188233,"orthographic":false}