{"cameraMode":{"drawMode":0,"name":"Shaded","section":"Shading Mode"},"sceneLighting":true,"audioPlay":false,"sceneViewState":{"m_AlwaysRefresh":false,"showFog":true,"showSkybox":false,"showFlares":true,"showImageEffects":true,"showParticleSystems":true,"showVisualEffectGraphs":true,"m_FxEnabled":false},"in2DMode":false,"pivot":{"x":1437.9908447265625,"y":1860.445556640625,"z":-663.6340942382813},"rotation":{"x":-0.003309018909931183,"y":-0.008403070271015168,"z":0.000025562512746546417,"w":-0.9999630451202393},"size":90.32633972167969,"orthographic":false}