{"cameraMode":{"drawMode":0,"name":"Shaded","section":"Shading Mode"},"sceneLighting":true,"audioPlay":false,"sceneViewState":{"m_AlwaysRefresh":false,"showFog":true,"showSkybox":false,"showFlares":true,"showImageEffects":true,"showParticleSystems":true,"showVisualEffectGraphs":true,"m_FxEnabled":false},"in2DMode":false,"pivot":{"x":375.5006408691406,"y":118.66070556640625,"z":-60.959747314453128},"rotation":{"x":-0.22302503883838654,"y":0.026316259056329728,"z":0.006023157853633165,"w":0.9744394421577454},"size":166.8925323486328,"orthographic":false}