{"cameraMode":{"drawMode":0,"name":"Shaded","section":"Shading Mode"},"sceneLighting":true,"audioPlay":false,"sceneViewState":{"m_AlwaysRefresh":false,"showFog":true,"showSkybox":false,"showFlares":true,"showImageEffects":true,"showParticleSystems":true,"showVisualEffectGraphs":true,"m_FxEnabled":false},"in2DMode":false,"pivot":{"x":353.266845703125,"y":145.08668518066407,"z":-74.85025024414063},"rotation":{"x":-0.26671677827835085,"y":-0.010119418613612652,"z":-0.0028006136417388918,"w":0.9637184739112854},"size":166.8925323486328,"orthographic":false}