{"cameraMode":{"drawMode":0,"name":"Shaded","section":"Shading Mode"},"sceneLighting":true,"audioPlay":false,"sceneViewState":{"m_AlwaysRefresh":false,"showFog":true,"showSkybox":false,"showFlares":true,"showImageEffects":true,"showParticleSystems":true,"showVisualEffectGraphs":true,"m_FxEnabled":false},"in2DMode":false,"pivot":{"x":237.26101684570313,"y":33.709930419921878,"z":-408.4912414550781},"rotation":{"x":-0.15798142552375794,"y":0.02368958666920662,"z":0.00380764645524323,"w":0.9871605634689331},"size":11.734106063842774,"orthographic":false}