{"cameraMode":{"drawMode":0,"name":"Shaded","section":"Shading Mode"},"sceneLighting":true,"audioPlay":false,"sceneViewState":{"m_AlwaysRefresh":false,"showFog":true,"showSkybox":false,"showFlares":true,"showImageEffects":true,"showParticleSystems":true,"showVisualEffectGraphs":true,"m_FxEnabled":false},"in2DMode":false,"pivot":{"x":236.73033142089845,"y":33.172752380371097,"z":-408.3027038574219},"rotation":{"x":-0.1461561769247055,"y":0.011864309199154377,"z":0.0017693607369437814,"w":0.9891985058784485},"size":11.734106063842774,"orthographic":false}