{"cameraMode":{"drawMode":0,"name":"Shaded","section":"Shading Mode"},"sceneLighting":false,"audioPlay":false,"sceneViewState":{"m_AlwaysRefresh":false,"showFog":true,"showSkybox":false,"showFlares":true,"showImageEffects":true,"showParticleSystems":true,"showVisualEffectGraphs":true,"m_FxEnabled":false},"in2DMode":false,"pivot":{"x":37.00729751586914,"y":-0.04931044578552246,"z":0.024119853973388673},"rotation":{"x":0.0868973582983017,"y":-0.8959282040596008,"z":0.20105093717575074,"w":0.38653823733329775},"size":38.11347198486328,"orthographic":false}