{"cameraMode":{"drawMode":0,"name":"Shaded","section":"Shading Mode"},"sceneLighting":false,"audioPlay":false,"sceneViewState":{"m_AlwaysRefresh":false,"showFog":true,"showSkybox":false,"showFlares":true,"showImageEffects":true,"showParticleSystems":true,"showVisualEffectGraphs":true,"m_FxEnabled":false},"in2DMode":false,"pivot":{"x":0.0007739663124084473,"y":0.27570563554763796,"z":0.2017195224761963},"rotation":{"x":-0.29607370495796206,"y":-0.6320040822029114,"z":0.2847481667995453,"w":-0.6571412086486816},"size":1.3651177883148194,"orthographic":false}